,Car Name,Prices
0,2021 Aston Martin DBX ,"$167,900"
1,2021 Aston Martin DBX ,"$167,900"
2,2021 Aston Martin DBX Base,"$167,900"
3,2020 Aston Martin Vantage Base,"$139,900"
4,2021 Aston Martin DBX Base,"$215,686"
5,2019 Aston Martin Vantage Base,"$139,900"
6,2019 Aston Martin Vantage Base,"$122,500"
7,2019 Aston Martin DBS ,"$255,000"
8,2021 Aston Martin DBX Base,"$168,888"
9,2020 Aston Martin Vantage Base,"$142,888"
10,2020 Aston Martin Vantage Base,"$142,888"
11,2021 Aston Martin DBX Base,"$176,888"
12,2012 Aston Martin Virage Volante,"$99,888"
13,2021 Aston Martin DBX Base,"$178,888"
14,2021 Aston Martin DBX Base,"$189,998"
15,2021 Aston Martin DBX Base,"$169,000"
16,2021 Aston Martin DBX Base,"$172,900"
17,2021 Aston Martin DBX Base,"$194,999"
18,2006 Aston Martin DB9 Volante,"$44,995"
19,2019 Aston Martin Vantage ,"$155,000"
20,2019 Aston Martin Vantage ,"$159,000"
21,2021 Aston Martin DBX Base,"$177,000"
22,2013 Aston Martin V8 Vantage Base,"$69,999"
23,2021 Aston Martin DBX Base,"$186,358"
24,2021 Aston Martin DBX Base,"$172,899"
25,2021 Aston Martin DBX Base,"$165,995"
26,2021 Aston Martin DBX Base,"$165,995"
27,2021 Aston Martin DBX Base,"$165,995"
28,2014 Aston Martin DB9 Volante,"$89,985"
29,2022 Aston Martin Vantage F1 Edition,"$229,975"
30,2021 Aston Martin DBX Base,"$185,988"
31,2021 Aston Martin DBX Base,"$179,999"
32,2021 Aston Martin DBX Base,"$167,999"
33,2021 Aston Martin DBX Base,"$174,553"
34,2020 Aston Martin Vantage Base,"$139,999"
35,2020 Aston Martin Vantage Base,"$138,488"
36,2019 Aston Martin Vantage Base,"$137,000"
37,2021 Aston Martin DBX Base,"$179,800"
38,2021 Aston Martin DBX Base,"$160,000"
39,2021 Aston Martin DBX Base,"$170,707"
40,2018 Aston Martin DB11 V12,"$147,000"
41,2020 Aston Martin Vantage Base,"$134,800"
42,2019 Aston Martin Vantage Base,"$129,775"
43,2019 Aston Martin Vantage Base,"$129,800"
44,2018 Aston Martin DB11 V12,"$139,800"
45,2017 Aston Martin DB11 Launch Edition,"$133,177"
46,2019 Aston Martin Vantage Base,"$124,990"
47,2018 Aston Martin DB11 V12,"$142,977"
48,2019 Aston Martin Vantage 2DR CPE,"$127,995"
49,2019 Aston Martin Vantage 2DR CPE,"$126,999"
50,2019 Aston Martin DB11 Volante,"$167,500"
51,2017 Aston Martin DB11 Launch Edition,"$139,900"
52,2021 Aston Martin DBX Base,"$185,997"
53,2021 Aston Martin DBX Base,"$190,000"
54,2007 Aston Martin V8 Vantage ,"$62,112"
55,2018 Aston Martin DB11 V12,"$167,980"
56,2014 Aston Martin Vanquish Base,"$134,990"
57,2011 Aston Martin Rapide CLEAN CARFAX ONLY 33K MILES BEAUTIFUL CONDITION WE,"$67,900"
58,2021 Aston Martin DBX Base,"$170,578"
59,2019 Aston Martin DB11 Volante,"$198,888"
60,2020 Aston Martin DBS Superleggera,"$319,888"
61,2014 Aston Martin DB9 Base,"$94,900"
62,2019 Aston Martin DB11 Volante,"$209,900"
63,2019 Aston Martin DB11 Volante,"$206,900"
64,2021 Aston Martin Vantage Base,"$192,900"
65,2021 Aston Martin Vantage Base,"$190,900"
66,2021 Aston Martin Vantage Base,"$184,750"
67,2021 Aston Martin DBX Base,"$173,996"
68,2021 Aston Martin DBX Base,"$171,998"
69,2021 Aston Martin DBX Base,"$169,900"
70,2021 Aston Martin DBX Base,"$199,500"
71,2021 Aston Martin DBX Base,"$189,900"
72,2021 Aston Martin DBX Base,"$179,900"
73,2021 Aston Martin DBX Base,"$184,900"
74,2021 Aston Martin DBX Base,"$189,900"
75,2017 Aston Martin Rapide S ,"$134,981"
76,2020 Aston Martin Vantage Base,"$154,995"
77,2021 Aston Martin DBX Base,"$169,900"
78,2019 Aston Martin Vantage Base,"$115,998"
79,2015 Aston Martin V12 Vantage S Base,"$109,500"
80,2019 Aston Martin Vantage Base,"$125,975"
81,2019 Aston Martin Vantage Base,"$130,369"
82,2020 Aston Martin DB11 V8,"$154,950"
83,2007 Aston Martin V8 Vantage ,"$64,950"
84,2020 Aston Martin Vantage Base,"$144,950"
85,2021 Aston Martin DBX Base,"$179,990"
86,2021 Aston Martin DBX Base,"$169,990"
87,2020 Aston Martin Vantage Coupe,"$137,879"
88,2019 Aston Martin DB11 V8,"$162,760"
89,2020 Aston Martin Vantage ,"$140,949"
90,2019 Aston Martin DBS Superleggera,"$289,998"
91,2019 Aston Martin DBS Superleggera,"$269,999"
92,2020 Aston Martin Vantage Base,"$130,000"
93,2019 Aston Martin DB11 V8,"$156,798"
94,2019 Aston Martin DB11 V8,"$169,990"
95,2019 Aston Martin DB11 V8,"$166,900"
96,2020 Aston Martin Vantage ,"$142,900"
97,2021 Aston Martin DBX Base,"$198,991"
98,2021 Aston Martin DBX Base,"$179,991"
99,2020 Aston Martin Vantage Base,"$136,622"
